{
  "model": "flan-t5-base (pre-trained)",
  "rouge1": 14.26407543200715,
  "rouge2": 5.692950535104668,
  "rougeL": 13.06359353277501
}